SKU,Nombre,Descripción,Cantidad por talla
114-X,Espinilleras de fútbol,Espinilleras de fútbol de alta calidad para entrenamientos y competencia.,XS:24|S:32|M:48|L:24
251-A,Short de entrenamiento,Short de entrenamiento de alta calidad para entrenamientos y competencia.,XS:34|S:23|M:30|L:18|XL:30
745-K,Chaqueta cortavientos,Chaqueta cortavientos de alta calidad para entrenamientos y competencia.,XS:41|S:15|M:31|L:10|XL:25
640-N,Bastones de trekking,Bastones de trekking de alta calidad para entrenamientos y competencia.,S:5|M:7|XL:44
990-K,Muñequeras de levantamiento,Muñequeras de levantamiento de alta calidad para entrenamientos y competencia.,XS:23|S:35|M:31|L:43|XL:19
941-Q,Balón de fútbol,Balón de fútbol de alta calidad para entrenamientos y competencia.,XS:46|M:11|L:22|XL:25
414-D,Traje de baño deportivo,Traje de baño deportivo de alta calidad para entrenamientos y competencia.,S:46|M:32|L:7|XL:48
817-Z,Reloj deportivo,Reloj deportivo de alta calidad para entrenamientos y competencia.,XS:47|S:33|M:15|L:46|XL:33
941-H,Set de conos para entrenamiento,Set de conos para entrenamiento de alta calidad para entrenamientos y competencia.,XS:40|S:31|L:27|XL:32
306-D,Zapatos deportivos,Zapatos deportivos de alta calidad para entrenamientos y competencia.,XS:12|S:9|M:11|L:41|XL:24
748-T,Rueda de abdominales,Rueda de abdominales de alta calidad para entrenamientos y competencia.,XS:33|M:33|L:42|XL:38
427-O,Pesa rusa,Pesa rusa de alta calidad para entrenamientos y competencia.,XS:31|S:48|M:13|L:49|XL:24
835-M,Colchoneta para yoga,Colchoneta para yoga de alta calidad para entrenamientos y competencia.,S:38|M:17|L:32|XL:9
225-C,Gafas para ciclismo,Gafas para ciclismo de alta calidad para entrenamientos y competencia.,XS:19|M:10|L:5|XL:10
999-U,Zapatos deportivos,Zapatos deportivos de alta calidad para entrenamientos y competencia.,S:15|M:12|L:28|XL:49
274-C,Calcetas de compresión,Calcetas de compresión de alta calidad para entrenamientos y competencia.,S:26|M:14|L:47
581-D,Calcetas de compresión,Calcetas de compresión de alta calidad para entrenamientos y competencia.,XS:6|S:24|M:25|L:45|XL:46
256-P,Caminadora eléctrica,Caminadora eléctrica de alta calidad para entrenamientos y competencia.,XS:48|S:17|M:46|L:20|XL:12
490-L,Tobilleras de peso,Tobilleras de peso de alta calidad para entrenamientos y competencia.,S:31|M:11|L:28|XL:25
483-K,Banda de resistencia,Banda de resistencia de alta calidad para entrenamientos y competencia.,XS:9|M:40|L:23|XL:34
275-H,Banda elástica para ejercicio,Banda elástica para ejercicio de alta calidad para entrenamientos y competencia.,XS:42|S:27|M:19|L:36|XL:50
339-F,Rueda de abdominales,Rueda de abdominales de alta calidad para entrenamientos y competencia.,XS:12|S:19|M:49|L:23|XL:49
137-T,Gafas para ciclismo,Gafas para ciclismo de alta calidad para entrenamientos y competencia.,XS:47|S:28|L:32|XL:21
967-Q,Pesa olímpica,Pesa olímpica de alta calidad para entrenamientos y competencia.,XS:42|S:11|M:8|XL:6
544-B,Calcetas de compresión,Calcetas de compresión de alta calidad para entrenamientos y competencia.,XS:11|S:13|M:42|L:28|XL:32
366-S,Trineo de resistencia,Trineo de resistencia de alta calidad para entrenamientos y competencia.,S:37|M:22|XL:11
647-Y,Short de entrenamiento,Short de entrenamiento de alta calidad para entrenamientos y competencia.,XS:47|S:45|M:8|L:49|XL:40
255-L,Sudadera térmica,Sudadera térmica de alta calidad para entrenamientos y competencia.,XS:5|S:14|M:37|L:8|XL:26
363-V,Casco para bicicleta,Casco para bicicleta de alta calidad para entrenamientos y competencia.,S:19
559-A,Bastones de trekking,Bastones de trekking de alta calidad para entrenamientos y competencia.,XS:43|M:16|L:37|XL:33
786-X,Jersey deportivo,Jersey deportivo de alta calidad para entrenamientos y competencia.,XS:6|M:31|L:31|XL:30
262-H,Reloj deportivo,Reloj deportivo de alta calidad para entrenamientos y competencia.,XS:39|S:30|M:24|L:25|XL:5
251-K,Mallas deportivas,Mallas deportivas de alta calidad para entrenamientos y competencia.,XS:36|S:16|M:26|L:46|XL:25
942-P,Caminadora eléctrica,Caminadora eléctrica de alta calidad para entrenamientos y competencia.,XS:44|S:40|M:5|XL:49
220-Q,Bicicleta estática,Bicicleta estática de alta calidad para entrenamientos y competencia.,XS:50|S:42|M:31|L:11|XL:31
606-W,Mochila deportiva,Mochila deportiva de alta calidad para entrenamientos y competencia.,XS:31|S:36|M:5|L:39|XL:30
522-F,Caminadora eléctrica,Caminadora eléctrica de alta calidad para entrenamientos y competencia.,XS:31|S:15|M:44|L:26|XL:17
693-N,Camiseta sin mangas,Camiseta sin mangas de alta calidad para entrenamientos y competencia.,XS:19|M:50|L:28|XL:20
760-Q,Cuerda para saltar,Cuerda para saltar de alta calidad para entrenamientos y competencia.,XS:48|S:19|M:47|L:41
131-U,Set de conos para entrenamiento,Set de conos para entrenamiento de alta calidad para entrenamientos y competencia.,S:5|M:19|L:38|XL:8
176-D,Colchoneta para yoga,Colchoneta para yoga de alta calidad para entrenamientos y competencia.,XS:46|S:39|M:5|L:27|XL:35
197-H,Rueda de abdominales,Rueda de abdominales de alta calidad para entrenamientos y competencia.,XS:24|S:24|M:15|L:21|XL:40
548-R,Colchoneta para yoga,Colchoneta para yoga de alta calidad para entrenamientos y competencia.,M:5|L:41|XL:20
649-O,Traje de baño deportivo,Traje de baño deportivo de alta calidad para entrenamientos y competencia.,XS:41|S:11|M:31|L:35|XL:14
838-X,Chaleco de pesas,Chaleco de pesas de alta calidad para entrenamientos y competencia.,M:14|XL:19
123-V,Balón de fútbol,Balón de fútbol de alta calidad para entrenamientos y competencia.,XS:33|S:40|M:8|L:17|XL:40
766-O,Gorra transpirable,Gorra transpirable de alta calidad para entrenamientos y competencia.,S:8|M:7|L:24
316-K,Cinturón lumbar,Cinturón lumbar de alta calidad para entrenamientos y competencia.,XS:25|S:21|L:8|XL:8
462-R,Cuerda para saltar,Cuerda para saltar de alta calidad para entrenamientos y competencia.,XS:15|S:35|L:49
562-T,Balón de fútbol,Balón de fútbol de alta calidad para entrenamientos y competencia.,XS:9|M:17|L:36
